nodes,case,algo,terminals,non_terminals,K,ave_obj,ave_time,sol_status,obj,time
125,2,Greedy ES - ls,50,75,22,873.6,1.01480,[],"[1082, 507, 910, 832, 1037]","[1.0108557029998337, 1.0181628280006407, 1.017295499001193, 1.0085128659993643, 1.0191843939974206]"
125,2,Greedy MIS - ls,50,75,22,525.0,79.77511,[],"[488, 507, 632, 484, 514]","[78.943295011999, 81.47601127500093, 79.38500904600005, 79.99375629100177, 79.07747972699872]"
125,2,Exact - path,50,75,22,467.2,597.52680,"['integer optimal solution', 'integer optimal solution', 'time limit exceeded', 'integer optimal solution', 'integer optimal solution']","[405.0, 487.0, 562.0, 454.0, 428.0]","[26.958382461001747, 1071.2495670809985, 1800.0160257040006, 41.434917657999904, 47.9751023989993]"
125,2,Greedy ES - ls,50,75,15,1030.8,0.93155,[],"[1129, 904, 996, 996, 1129]","[0.936438436001481, 0.9219455970014678, 0.9431370139973296, 0.9283872750020237, 0.9278251049981918]"
125,2,Greedy MIS - ls,50,75,15,671.6,69.32831,[],"[582, 686, 792, 684, 614]","[68.2410636099994, 70.46795439099878, 68.85691017000136, 69.8119295180004, 69.26368910600286]"
125,2,Exact - path,50,75,15,664.6,73.06645,"['integer optimal solution', 'integer optimal solution', 'integer optimal solution', 'integer optimal solution', 'integer optimal solution']","[582.0, 686.0, 757.0, 684.0, 614.0]","[28.81831430600141, 131.1756348380004, 74.75414895999711, 108.6269932920004, 21.957143269999506]"
